image_index,label,dataset,baseline_mse,baseline_psnr,baseline_ssim,model_mse,model_psnr,model_ssim
400,7,Clean,0.0,120.0,1.0,0.012239035190152693,19.122528165129896,0.8347825750983833
401,8,Clean,0.0,120.0,1.0,0.028976235192351894,15.379580419635452,0.7627761970651679
402,2,Clean,0.0,120.0,1.0,0.015440365864399066,18.113424131319462,0.8584176340375715
403,7,Clean,0.0,120.0,1.0,0.02358165959203815,16.274256340881802,0.8001114380006858
404,6,Clean,0.0,120.0,1.0,0.01718449156749923,17.648633126798536,0.8293206160858088
405,0,Clean,0.0,120.0,1.0,0.026332748606399288,15.795038069672074,0.7935354998837075
406,7,Clean,0.0,120.0,1.0,0.012633288580359,18.984835832215815,0.8313105329409957
407,1,Clean,0.0,120.0,1.0,0.008944980245353477,20.484206142182906,0.8199678159995354
408,0,Clean,0.0,120.0,1.0,0.016127854551742628,17.924234018801798,0.8898568917492458
409,9,Clean,0.0,120.0,1.0,0.017079820588880263,17.675166955714005,0.7795731707587364
410,1,Clean,0.0,120.0,1.0,0.005805099556991766,22.3619032774601,0.872451117054722
411,6,Clean,0.0,120.0,1.0,0.021027842588987364,16.772052826993637,0.8170658126803401
412,0,Clean,0.0,120.0,1.0,0.014595384763852257,18.357844516444292,0.8716279078763366
413,7,Clean,0.0,120.0,1.0,0.01640639069166731,17.84986950641018,0.7637448011643839
414,6,Clean,0.0,120.0,1.0,0.016551552426802875,17.811612660106306,0.7759497694832179
415,9,Clean,0.0,120.0,1.0,0.022045840617020755,16.566733366937175,0.7765667316964914
416,1,Clean,0.0,120.0,1.0,0.0065610429621337524,21.830271184450275,0.8444495833850751
417,7,Clean,0.0,120.0,1.0,0.02198193982648326,16.579339853081336,0.6290960205478158
418,6,Clean,0.0,120.0,1.0,0.021329225619370996,16.710249117957204,0.8299791537066495
419,7,Clean,0.0,120.0,1.0,0.011207755389187205,19.504813561560326,0.8754030722598227
420,4,Clean,0.0,120.0,1.0,0.02973951625981989,15.26666099949892,0.6921459585022953
421,0,Clean,0.0,120.0,1.0,0.017117284250418734,17.66565137358299,0.8440650052824535
422,2,Clean,0.0,120.0,1.0,0.022442378101540775,16.489311250605013,0.6939073514503326
423,5,Clean,0.0,120.0,1.0,0.016717211986222502,17.768361503396232,0.7830494801649311
424,5,Clean,0.0,120.0,1.0,0.01965333438365012,17.065637566590283,0.8111139957070872
425,0,Clean,0.0,120.0,1.0,0.012701557382727182,18.96143025401734,0.8385582772064348
426,2,Clean,0.0,120.0,1.0,0.033769417423228774,14.714764315783707,0.7131789661850583
427,7,Clean,0.0,120.0,1.0,0.010813385859570864,19.660382995813105,0.8299313070837214
428,1,Clean,0.0,120.0,1.0,0.00515914350200575,22.874223920215385,0.8886801480569569
429,8,Clean,0.0,120.0,1.0,0.024116716546382526,16.17681821028409,0.7656996231262084
430,1,Clean,0.0,120.0,1.0,0.002986182638026289,25.24883633897883,0.9280631753466597
431,1,Clean,0.0,120.0,1.0,0.0077563910101972056,21.103403056672523,0.8819572115858635
432,2,Clean,0.0,120.0,1.0,0.027774535336945506,15.563531979960432,0.6097653741846317
433,8,Clean,0.0,120.0,1.0,0.023700169949643513,16.252485397313414,0.827689857771415
434,7,Clean,0.0,120.0,1.0,0.010800377390490903,19.66561068981181,0.8321955930585101
435,0,Clean,0.0,120.0,1.0,0.014343762730215611,18.433369073423002,0.8732662969104025
436,3,Clean,0.0,120.0,1.0,0.03307163713338896,14.805443058302181,0.7442251011322323
437,2,Clean,0.0,120.0,1.0,0.022079992522452956,16.560010780197395,0.7617344706988409
438,0,Clean,0.0,120.0,1.0,0.015513659045640662,18.092857575756028,0.8920392606523946
439,5,Clean,0.0,120.0,1.0,0.015147345283928722,18.19663474723769,0.8391767005069243
440,5,Clean,0.0,120.0,1.0,0.022425791481262808,16.49252220307099,0.814816109511521
441,1,Clean,0.0,120.0,1.0,0.006474118545027303,21.888193526659347,0.846751214919895
442,8,Clean,0.0,120.0,1.0,0.03756902892343822,14.25170030346322,0.6940772479429324
443,7,Clean,0.0,120.0,1.0,0.014382653039917525,18.421609961282527,0.8070924387705755
444,7,Clean,0.0,120.0,1.0,0.014874156008110677,18.27567667711633,0.8442633988185919
445,9,Clean,0.0,120.0,1.0,0.012893771821422581,18.89620019682064,0.8166893713506798
446,3,Clean,0.0,120.0,1.0,0.024081398313301985,16.18318298887656,0.7671586498685148
447,7,Clean,0.0,120.0,1.0,0.011921841740200388,19.236566476310063,0.8272874573830472
448,8,Clean,0.0,120.0,1.0,0.0342982851788404,14.647275929596837,0.7018088876203469
449,1,Clean,0.0,120.0,1.0,0.007201398981005732,21.42583127080893,0.8480262875866812
450,1,Clean,0.0,120.0,1.0,0.007019789420538442,21.53675915629433,0.8616460270271141
451,2,Clean,0.0,120.0,1.0,0.012934160970627658,18.882617383927432,0.8130379383779185
452,3,Clean,0.0,120.0,1.0,0.028803573693206838,15.40553625471521,0.7314202211786982
453,0,Clean,0.0,120.0,1.0,0.0233702825889811,16.31336036170326,0.7768758032333105
454,3,Clean,0.0,120.0,1.0,0.029411453078566827,15.31483518559433,0.7564076208000694
455,9,Clean,0.0,120.0,1.0,0.019977452871742202,16.994598851923506,0.7297248804179146
456,7,Clean,0.0,120.0,1.0,0.015039907215203801,18.22754843002973,0.7937240104301038
457,6,Clean,0.0,120.0,1.0,0.01620678561058751,17.90303112851244,0.8072824119188304
458,1,Clean,0.0,120.0,1.0,0.00802581054537673,20.955110962927577,0.8631108818696542
459,5,Clean,0.0,120.0,1.0,0.01777990701359224,17.50070514658796,0.8299881634107692
460,0,Clean,0.0,120.0,1.0,0.020250364945404796,16.935671456667286,0.7608970079993537
461,7,Clean,0.0,120.0,1.0,0.013586543132928721,18.668910281289897,0.8311440884774011
462,0,Clean,0.0,120.0,1.0,0.01601638535928986,17.954354904766596,0.8747041208967952
463,1,Clean,0.0,120.0,1.0,0.0059551739213513765,22.25105550389398,0.89829345551886
464,1,Clean,0.0,120.0,1.0,0.007261354858330412,21.38982338996972,0.8626582658995072
465,5,Clean,0.0,120.0,1.0,0.022262480513318087,16.524264476729844,0.8318963266481237
466,6,Clean,0.0,120.0,1.0,0.02576848337437048,15.889111414616949,0.7488476212438899
467,4,Clean,0.0,120.0,1.0,0.026252823735986773,15.808239773245665,0.7487184887108717
468,2,Clean,0.0,120.0,1.0,0.026651217569803102,15.742829452952776,0.7669622681203598
469,1,Clean,0.0,120.0,1.0,0.008380893433932255,20.76709681519585,0.827418339005866
470,5,Clean,0.0,120.0,1.0,0.016864876155698712,17.730168436294875,0.7720418760595568
471,8,Clean,0.0,120.0,1.0,0.02699683061225902,15.686872183743537,0.7577261954302054
472,6,Clean,0.0,120.0,1.0,0.030632434002106863,15.138184935072967,0.7160064930554275
473,5,Clean,0.0,120.0,1.0,0.025159181831878902,15.99303486107442,0.7480713794095257
474,9,Clean,0.0,120.0,1.0,0.015458112765809077,18.108435288798752,0.8499244813668132
475,8,Clean,0.0,120.0,1.0,0.017355036573782387,17.605744667649613,0.8272569495531147
476,5,Clean,0.0,120.0,1.0,0.02360429480330916,16.270089699247986,0.7104826892265028
477,1,Clean,0.0,120.0,1.0,0.0054593957708693585,22.628554210128925,0.892519096737024
478,0,Clean,0.0,120.0,1.0,0.01669130149504758,17.775097981272253,0.8108250920640565
479,0,Clean,0.0,120.0,1.0,0.014484243756562244,18.39104175014987,0.8456225953169751
480,8,Clean,0.0,120.0,1.0,0.031402357014711495,15.03037753198581,0.7492461599436198
481,7,Clean,0.0,120.0,1.0,0.011273406194284043,19.47944844567941,0.8307951929957691
482,2,Clean,0.0,120.0,1.0,0.01733860946003373,17.60985735467065,0.751047504809452
483,3,Clean,0.0,120.0,1.0,0.026739873700692574,15.728406483538333,0.6846466165670027
484,3,Clean,0.0,120.0,1.0,0.024839607363956552,16.04855273270608,0.7057409822109454
485,7,Clean,0.0,120.0,1.0,0.011281261354353981,19.47642339305701,0.8519380518664107
486,3,Clean,0.0,120.0,1.0,0.02595637910362099,15.857558914169545,0.6662625302812827
487,3,Clean,0.0,120.0,1.0,0.02188484272466042,16.598565700953063,0.7423251248599706
488,7,Clean,0.0,120.0,1.0,0.014693557405818248,18.32873045960661,0.7605146302632504
489,7,Clean,0.0,120.0,1.0,0.013367903387051107,18.73936701850617,0.8123506578068139
490,6,Clean,0.0,120.0,1.0,0.029992906821906064,15.229814416917266,0.7751241525292054
491,6,Clean,0.0,120.0,1.0,0.021930139169033802,16.5895861227361,0.719174453640818
492,9,Clean,0.0,120.0,1.0,0.021001383477114974,16.777520949476887,0.8032013155112869
493,2,Clean,0.0,120.0,1.0,0.017103856367187493,17.669059591886068,0.8458336607389427
494,0,Clean,0.0,120.0,1.0,0.020650004582862768,16.850798476244428,0.8550170391832436
495,1,Clean,0.0,120.0,1.0,0.006473192255558608,21.888814941270894,0.8711980587422993
496,0,Clean,0.0,120.0,1.0,0.015418039232883872,18.11970853553796,0.877993398890327
497,8,Clean,0.0,120.0,1.0,0.01906573122632495,17.197465336125475,0.7559533054012718
498,1,Clean,0.0,120.0,1.0,0.00815827409826067,20.88401707530524,0.8792438898982541
499,9,Clean,0.0,120.0,1.0,0.023764794897283757,16.24065929543524,0.7739044047031067
400,7,Gaussian Blur,0.010225638827304626,19.90309550752712,0.8030561085702573,0.01388189245208093,18.575513245532186,0.807223282022493
401,8,Gaussian Blur,0.015002706384098143,18.23830390167034,0.7639215808484248,0.02895034806595393,15.383462104438191,0.7290808958522885
402,2,Gaussian Blur,0.013955954392991434,18.552404584632875,0.8293261077471641,0.020613844943974436,16.858409950130945,0.8031289239519411
403,7,Gaussian Blur,0.014334086041168254,18.436299929812797,0.7937921592131935,0.024454310665379276,16.116445748562505,0.7737887508065292
404,6,Gaussian Blur,0.009543876136615548,20.20275205709618,0.8292389177274085,0.022632409227786785,16.452692127867113,0.7710715161164731
405,0,Gaussian Blur,0.014553624926670844,18.370288218273856,0.8383362071289759,0.03785895404078894,14.218313888029835,0.7205424489068968
406,7,Gaussian Blur,0.010776408252410594,19.675259642031612,0.7929256302976408,0.015083924747687417,18.214856429162204,0.7926608263482678
407,1,Gaussian Blur,0.009543111017614117,20.2031002387739,0.7907078121252223,0.012430921540322886,19.054966746534493,0.7567268782519563
408,0,Gaussian Blur,0.014849037108190778,18.28301707434823,0.8812927993898019,0.021032293830947735,16.7711335956298,0.8502691324812767
409,9,Gaussian Blur,0.011848955016451862,19.263199492825837,0.7569511582929065,0.018284157865133314,17.379250376747486,0.7469796972858262
410,1,Gaussian Blur,0.007488701137525371,21.2559350108842,0.8366149040441428,0.007282748873549726,21.377046652910906,0.8396289106539493
411,6,Gaussian Blur,0.013662052484550644,18.644840505992995,0.8252027962694698,0.025409395626224227,15.950056647141862,0.7684339802012037
412,0,Gaussian Blur,0.012080027683322269,19.179320704582373,0.8612636093844692,0.018718056795610588,17.27739239291701,0.8298519148217658
413,7,Gaussian Blur,0.010863364540511164,19.640356466553474,0.8058327633829147,0.02180079282663594,16.61527712176492,0.7009553959629524
414,6,Gaussian Blur,0.011850288763599176,19.262710667922967,0.7796877389635165,0.017338448938266835,17.609897562070472,0.7546532402943369
415,9,Gaussian Blur,0.012096916683820038,19.173253104969497,0.7759121257765288,0.023527669587203794,16.284210875090515,0.7413968385579515
416,1,Gaussian Blur,0.007448371231611586,21.279386859710474,0.8179444867156214,0.008438718214941904,20.737235148024222,0.8119938729998207
417,7,Gaussian Blur,0.011301285125057741,19.468721679337058,0.7344158603566695,0.02281066616696186,16.418620313208546,0.5997911791736861
418,6,Gaussian Blur,0.014548917080608303,18.37169331311673,0.8201061634876345,0.02231107168360991,16.51479568438714,0.8005180677162781
419,7,Gaussian Blur,0.009989230620635446,20.004679602304698,0.8151446783296346,0.014054657483103621,18.521797338353114,0.8250445310520439
420,4,Gaussian Blur,0.014377711375425041,18.423102388576304,0.7631862033074617,0.028903515965589217,15.390493243169308,0.6705404846113423
421,0,Gaussian Blur,0.014823654349380546,18.290447202344115,0.8407051060063784,0.021115505753646596,16.753985119948183,0.8074490084890534
422,2,Gaussian Blur,0.015408868869704419,18.122292406894836,0.7507488195983922,0.02559821756363352,15.917902741111403,0.65921337743128
423,5,Gaussian Blur,0.012763143960196385,18.940423321681518,0.7743410343525318,0.02154672210993763,16.66618789440339,0.7244056976055145
424,5,Gaussian Blur,0.015349590162029005,18.139032158053908,0.7981034137290143,0.025102148106554884,16.0028911234743,0.7439949823096725
425,0,Gaussian Blur,0.013253692986230043,18.776630937970154,0.8026695726525864,0.016758020430063574,17.757772844572738,0.8082233490665134
426,2,Gaussian Blur,0.017156665916950226,17.655671054474055,0.824014016440416,0.0397689240154229,14.004561590890994,0.6670591867932202
427,7,Gaussian Blur,0.011156579741162114,19.524689261157572,0.7712901195937435,0.01336071527557711,18.741702909681933,0.7746786446789286
428,1,Gaussian Blur,0.006898249266253287,21.612611165788884,0.8391717589215621,0.006779630212886829,21.68793993578722,0.8518950534560967
429,8,Gaussian Blur,0.013944067439170657,18.5561052546857,0.7762976495713272,0.02507358316676434,16.007835982972043,0.7395949007380592
430,1,Gaussian Blur,0.0056879808297280576,22.450418759838723,0.8523252529054742,0.004527447894578866,23.441465391866462,0.8929140180085634
431,1,Gaussian Blur,0.007302646283026389,21.36519734693358,0.8417698010939342,0.008939662088207364,20.48678896864088,0.8449687614020268
432,2,Gaussian Blur,0.01766685081626453,17.52840858246946,0.7418853908521699,0.033735223304327495,14.719164107638743,0.5293111816203724
433,8,Gaussian Blur,0.017343368095299815,17.608665583499516,0.8282850389539257,0.03044977473092389,15.164159159532268,0.7768363385643199
434,7,Gaussian Blur,0.009171491859991797,20.375600150536183,0.810251729431171,0.013376941154429467,18.73643183401148,0.7825882843681795
435,0,Gaussian Blur,0.013812661804985787,18.597226215064968,0.8584831321053095,0.018572148453186606,17.31137853535796,0.8367089413931025
436,3,Gaussian Blur,0.016476688170966553,17.831300774456537,0.8594829406408171,0.04542474931286746,13.42707460769268,0.6608237097620948
437,2,Gaussian Blur,0.012855455416491123,18.909125334617535,0.7899522557257361,0.024674257671103976,16.077559042791087,0.721560057554596
438,0,Gaussian Blur,0.012143759084536852,19.156468571678047,0.8779678821251385,0.023320971290327785,16.32253365694958,0.8358440584247018
439,5,Gaussian Blur,0.01258417036564278,19.00175410826781,0.8162007436736723,0.019670407535080776,17.061866421953916,0.7963645531781814
440,5,Gaussian Blur,0.014379417916651944,18.42258693974181,0.8255313974242242,0.02681828868892036,15.715689385154011,0.7777733104800819
441,1,Gaussian Blur,0.006676964627351901,21.75420924528322,0.8218352191737701,0.00775329224991259,21.105138455761832,0.8209245038353021
442,8,Gaussian Blur,0.018396691513637355,17.35260274086453,0.7355271624605686,0.04185615557596491,13.78240663451175,0.6403908442319918
443,7,Gaussian Blur,0.012270986334425974,19.111205275433782,0.771568751386037,0.0165358467573915,17.815735610982117,0.7757170992722232
444,7,Gaussian Blur,0.013622958384918244,18.657285700495592,0.8104393363383589,0.019144669026458654,17.17952137345813,0.7980633224968376
445,9,Gaussian Blur,0.009787502920530457,20.09328095343188,0.804321515697192,0.014595927615338768,18.357682990712217,0.7854569377312678
446,3,Gaussian Blur,0.018316110064135308,17.371667553985986,0.8306616072750013,0.030743830991267287,15.122420159936738,0.7122604122320179
447,7,Gaussian Blur,0.012433659204886831,19.054010404153004,0.774431794452052,0.015717210443510158,18.03624531864945,0.781349569076576
448,8,Gaussian Blur,0.01716412005161342,17.653784565274503,0.8014794942917187,0.042446147823430036,13.721617177861178,0.6338704213552799
449,1,Gaussian Blur,0.007649216164478686,21.163830658767964,0.8211003906247246,0.008409891860610636,20.75209588582828,0.8240979001557158
450,1,Gaussian Blur,0.007395938458269858,21.310067112696256,0.8229671652984365,0.009098498629090533,20.41030266019085,0.8228299986289654
451,2,Gaussian Blur,0.011918570891060683,19.237758160165033,0.8134873921052096,0.01729868208007881,17.619869828337457,0.7564086499207554
452,3,Gaussian Blur,0.015133150866330979,18.20070638309034,0.8427125972188048,0.03746739721472824,14.263464754288242,0.6590470457698273
453,0,Gaussian Blur,0.012930269680348529,18.88392417156275,0.7840975277615321,0.030988389559696884,15.088009930898721,0.7228501981789125
454,3,Gaussian Blur,0.01779144908597692,17.497886778624547,0.8189627330773434,0.041204633216645484,13.850539473821692,0.6609125716571645
455,9,Gaussian Blur,0.015232916603579031,18.172169355628306,0.7221665116397344,0.027782221446639853,15.562330313325408,0.6545046046524406
456,7,Gaussian Blur,0.010586901085630287,19.75231144553846,0.7959237157273502,0.01659636890429818,17.799869202325304,0.7416235707788097
457,6,Gaussian Blur,0.010587411163492494,19.75210220710055,0.8091058094746881,0.018601190854839935,17.304592512051858,0.7715224205983725
458,1,Gaussian Blur,0.006914039863253052,21.60268120839183,0.8399133140201215,0.009379514397157958,20.278196456394745,0.8215635408881871
459,5,Gaussian Blur,0.014759118723233834,18.30939573750307,0.8344239142367104,0.02365922345558059,16.259995139131114,0.782003281037236
460,0,Gaussian Blur,0.017825305980709007,17.4896300651997,0.7462318207264713,0.024702204866480344,16.07264280804726,0.6955411345416954
461,7,Gaussian Blur,0.01164540292230188,19.338454806024565,0.7866897546748286,0.016064597257536034,17.94130157820039,0.7796132300538996
462,0,Gaussian Blur,0.015059748834287314,18.22182271215841,0.850098860029253,0.022274371727224435,16.521945368644936,0.8262175807574074
463,1,Gaussian Blur,0.0071080977969068615,21.482466055762444,0.8449959911251498,0.0070127979367032795,21.541086744676818,0.8646869629621465
464,1,Gaussian Blur,0.006787459794436897,21.68292729941721,0.8361726753725119,0.00825656787250939,20.832004446635842,0.8374680349949766
465,5,Gaussian Blur,0.01487383133205987,18.275771476818687,0.8503049819147009,0.03317868179495684,14.79140872698299,0.754859757755513
466,6,Gaussian Blur,0.015071086733434172,18.21855430809627,0.7694863537580492,0.028559441157247404,15.442502949595276,0.7162064462780344
467,4,Gaussian Blur,0.014698781020820015,18.327186800737547,0.8020432461613543,0.03380070646655259,14.710742224643848,0.676134011795604
468,2,Gaussian Blur,0.016110247536256412,17.928977865327173,0.8445795477803504,0.03179981399951485,14.975754202426295,0.7218747086176093
469,1,Gaussian Blur,0.007676442787108199,21.148399825489182,0.8138026669039821,0.011265170869648126,19.482622165293638,0.7737609731183751
470,5,Gaussian Blur,0.012362356330822152,19.078987425206464,0.7786662113543202,0.020765533874281466,16.826568988582714,0.7067707710428395
471,8,Gaussian Blur,0.014130161346517,18.498528790925633,0.809729932733431,0.03485823520784916,14.576946039986595,0.6899619661157967
472,6,Gaussian Blur,0.01876746697781833,17.26594339621102,0.763079486984062,0.03326725251200956,14.779830653212882,0.6797425575879419
473,5,Gaussian Blur,0.012671793713958861,18.97161905642411,0.7879441640960747,0.03021406659781179,15.197908178537585,0.6933971051297882
474,9,Gaussian Blur,0.011850151216556746,19.262761077047507,0.7955472813369312,0.02193963870537843,16.587705285184835,0.7871840985595976
475,8,Gaussian Blur,0.013273289279985322,18.770214404263907,0.7798542054576787,0.0184749794491554,17.33416036025065,0.7986203598646731
476,5,Gaussian Blur,0.015966248737350575,17.96797109161339,0.7685390192251144,0.029343231520069842,15.324920597479199,0.6307411391514367
477,1,Gaussian Blur,0.006439555989779497,21.91144076403607,0.8477427908506309,0.006744989990698594,21.71018690467628,0.8615028969432977
478,0,Gaussian Blur,0.012929445629278,18.88420095792994,0.7985194565348263,0.02382122457686669,16.23035916517984,0.7506076230031374
479,0,Gaussian Blur,0.013276388464232262,18.769200487156567,0.8072944157133546,0.01873122332844517,17.274338581056,0.8012179339635296
480,8,Gaussian Blur,0.016513918745141385,17.82149856631444,0.8193899375988338,0.03457192402501212,14.612764500730455,0.709666754942517
481,7,Gaussian Blur,0.01012089127168888,19.94781240724236,0.8241772161328529,0.015577788941516742,18.074941845737605,0.7841334071992857
482,2,Gaussian Blur,0.013562483252552805,18.67660785089673,0.7611885142436439,0.020388202163493147,16.906210687239895,0.6940071255311344
483,3,Gaussian Blur,0.017396781637654905,17.595310877108712,0.7602805734418816,0.030617645533211814,15.140282091716825,0.626433532831679
484,3,Gaussian Blur,0.017155587075892917,17.655944155000732,0.7708587347742899,0.028639249657465168,15.430383646425074,0.6578691997523739
485,7,Gaussian Blur,0.011633397951992103,19.342934154296238,0.758653152812199,0.013135907449733026,18.815399200763277,0.80475411199345
486,3,Gaussian Blur,0.017283128424974183,17.62377642949118,0.7333380692604213,0.03217478812581319,14.92484304286611,0.5940119325055142
487,3,Gaussian Blur,0.01384893115498821,18.585837436683512,0.8057612792473419,0.02895746398207453,15.382394751688667,0.6755814650980039
488,7,Gaussian Blur,0.011395950099410782,19.43249461117186,0.7701768980035618,0.01756245638728953,17.55414741229593,0.7285480618919099
489,7,Gaussian Blur,0.013864054866469992,18.581097315868394,0.7652872742357903,0.016888757196545538,17.724023079506647,0.7653952845454438
490,6,Gaussian Blur,0.017329656702847772,17.612100404906762,0.8244948691719357,0.036577820838772125,14.367821716285246,0.7161605277983177
491,6,Gaussian Blur,0.012008057785788149,19.205272308257,0.7732051919212819,0.021480396222341946,16.67957712004621,0.7089487107603769
492,9,Gaussian Blur,0.012289385987920242,19.104698151379186,0.7894649805623677,0.02209457786351578,16.557142916032518,0.7680544407790348
493,2,Gaussian Blur,0.01535657353067931,18.137056764088996,0.7943644180503289,0.02298145501421939,16.38622478491841,0.7834209754517104
494,0,Gaussian Blur,0.019565982516380226,17.0849833888374,0.8279170280007981,0.02400953177159524,16.196163093721804,0.8258210773134163
495,1,Gaussian Blur,0.007422988499587586,21.2942121229785,0.8349242525130979,0.007988433324558621,20.975383852935124,0.8381499172547411
496,0,Gaussian Blur,0.0154617331029303,18.10741827697519,0.8579583285686544,0.019005249840672908,17.21126416841598,0.8513914104549795
497,8,Gaussian Blur,0.010878115694414868,19.63446326548723,0.8317239616047861,0.021000308057472345,16.777743344718395,0.7277447060547578
498,1,Gaussian Blur,0.006619373002449187,21.791831456769913,0.8431506372446353,0.00901861524882464,20.448601405025926,0.842075101439307
499,9,Gaussian Blur,0.014710020694710304,18.323867162872784,0.7786256541949037,0.03108915847327927,15.0739103335589,0.7102039069232046
400,7,Salt & Pepper,0.04852817589558629,13.140060328835585,0.5410433985459616,0.014800934787166762,18.297108548693718,0.7562202970248556
401,8,Salt & Pepper,0.050038564516833715,13.006951576388918,0.5059925518682141,0.032244407084722794,14.915456045291076,0.6456583780251735
402,2,Salt & Pepper,0.03268632936790383,14.856338473844755,0.7032035366406713,0.019794100905938194,17.03464220128381,0.7836361060620503
403,7,Salt & Pepper,0.05334567165631556,12.729008124538728,0.5812280331806456,0.02605098924801366,15.841757803569221,0.7217392281088751
404,6,Salt & Pepper,0.038447065138511156,14.151368065204608,0.5811135086096008,0.016602742688683853,17.79820162793025,0.7954075464997604
405,0,Salt & Pepper,0.04237730384195856,13.728666777292284,0.6859108751434059,0.028596836621405802,15.436820058168212,0.7584986174482113
406,7,Salt & Pepper,0.04302446463516846,13.662845250082745,0.6142775951572373,0.013949950448332952,18.554273350465692,0.7470008450520503
407,1,Salt & Pepper,0.046418233925556926,13.333113871669608,0.3693112369827201,0.012134456736557915,19.159796623972717,0.703302212888754
408,0,Salt & Pepper,0.04702216200486312,13.276974065765426,0.8207228665061276,0.02361425868724676,16.26825683502121,0.8403307782633492
409,9,Salt & Pepper,0.05750788555249901,12.402726002298463,0.38450857767120883,0.020422491731884703,16.89891271093899,0.5715290182620396
410,1,Salt & Pepper,0.0632995747424519,11.985992076386783,0.42328294184849435,0.009757481829268975,20.1066224880465,0.724381217647495
411,6,Salt & Pepper,0.04703822717038311,13.275490548024278,0.7030714098416284,0.021631930282804156,16.64904725416816,0.7748011624136363
412,0,Salt & Pepper,0.05000602205530536,13.009776919059025,0.7309098542242657,0.022661309302187436,16.44715001520804,0.757962732851697
413,7,Salt & Pepper,0.05323990383322321,12.737627376590119,0.5382388918021954,0.021771587917854107,16.621098943942677,0.6449272744164326
414,6,Salt & Pepper,0.040001510446186245,13.979236095205636,0.516997831755642,0.01830597608984637,17.374071092226416,0.6811624052208426
415,9,Salt & Pepper,0.05367256710601132,12.702476323389577,0.5276598051113661,0.025499182195451598,15.934737479463594,0.6868027284762777
416,1,Salt & Pepper,0.044940152507993034,13.473654581014152,0.4834645162767229,0.01155852889308234,19.37097437046317,0.678753800427834
417,7,Salt & Pepper,0.04233514980286514,13.73298899139224,0.4582527504259116,0.023300220576966346,16.3263996760463,0.5379943097682263
418,6,Salt & Pepper,0.05459266066745308,12.62865739087799,0.597117559083583,0.029553364627964502,15.293930678732506,0.6997300767290352
419,7,Salt & Pepper,0.06143610391975848,12.115763336634075,0.5334747152305992,0.014136937910576753,18.49644649418409,0.7767013037917408
420,4,Salt & Pepper,0.045348727772964496,13.434348922627938,0.5369166355372493,0.03467644072800344,14.599654859223513,0.5621250600470122
421,0,Salt & Pepper,0.03818621571450023,14.180933784358896,0.7663070854559324,0.02503407351814859,16.014684766997078,0.7775473711846109
422,2,Salt & Pepper,0.05152251102070553,12.880029791912982,0.565693558210178,0.02673325575774344,15.729481466861039,0.5825510968505859
423,5,Salt & Pepper,0.04549861123064397,13.420018592565734,0.5482334054589479,0.021453727728350563,16.684972353583046,0.6967223394435164
424,5,Salt & Pepper,0.044571397211391105,13.509437515614298,0.6165981593952556,0.02258528611856307,16.461744032683598,0.7387872794385563
425,0,Salt & Pepper,0.03680274070674611,14.341198381336755,0.6630321100656175,0.014591573950713019,18.358978594950738,0.7883919172549084
426,2,Salt & Pepper,0.04186609942091983,13.781374995549495,0.7460952216243117,0.04115945641974348,13.855303694651136,0.6517782969832914
427,7,Salt & Pepper,0.04312226849052902,13.652984007200883,0.5237663820912194,0.018120426717628885,17.41831579345217,0.6778140684960388
428,1,Salt & Pepper,0.045263478020239785,13.442520781549494,0.4955959566210537,0.006354873040569949,21.968931214798666,0.7860352715753681
429,8,Salt & Pepper,0.04915727072966058,13.084122376641892,0.46860901721722964,0.02908193076210859,15.363767638551531,0.617988222761617
430,1,Salt & Pepper,0.03853706188349234,14.141213996034379,0.4203538960551178,0.0033218968405904874,24.786138584162146,0.854167186565036
431,1,Salt & Pepper,0.046008521101082785,13.371617264822506,0.41601748417954737,0.014645445966455511,18.342973991396484,0.779887860572133
432,2,Salt & Pepper,0.04456015727932808,13.510532849477979,0.6525737865161358,0.027431406210774827,15.6175192867231,0.6242677030471989
433,8,Salt & Pepper,0.04150260107681936,13.819246840611513,0.7981708849130699,0.030018419423219127,15.226121786432309,0.775079625210908
434,7,Salt & Pepper,0.0539239617308391,12.6821820818941,0.5679036477922265,0.014490355814630412,18.389209501787004,0.7450019481704685
435,0,Salt & Pepper,0.050629957892888794,12.955924338000768,0.7147177506941049,0.020592030808820147,16.8630082066839,0.816658795450454
436,3,Salt & Pepper,0.038364659615979714,14.160686506512459,0.8128795796653597,0.03758384464415606,14.249987957539217,0.7107568123862902
437,2,Salt & Pepper,0.047368300263668756,13.24512198961161,0.497828149719206,0.02596247723218917,15.85653871311498,0.6413102877182805
438,0,Salt & Pepper,0.042766989180515885,13.68891323236622,0.7810837717579714,0.020974053810093544,16.783176221237664,0.8390986679249671
439,5,Salt & Pepper,0.048251398555472426,13.164900942140381,0.5945620766731399,0.01819971545332636,17.399354020158178,0.7468254152270205
440,5,Salt & Pepper,0.05304270743093952,12.753743165733395,0.6371782658617696,0.025244010663104374,15.978416450506446,0.7596171995706977
441,1,Salt & Pepper,0.046531789200641986,13.322502480249403,0.3432471164217891,0.008534887238370207,20.68802212343869,0.7133113585052696
442,8,Salt & Pepper,0.039984111358919265,13.981125516713867,0.6114013689597739,0.043507571414543575,13.614351582770185,0.6128874171239546
443,7,Salt & Pepper,0.04902186365251741,13.096101823001911,0.5733979667064251,0.016748414586801427,17.760262972116873,0.7085184877500349
444,7,Salt & Pepper,0.04666758862713602,13.309846390759416,0.6483808701098128,0.01804522530670404,17.43637691113621,0.7586025531582694
445,9,Salt & Pepper,0.05359541862536817,12.708723325228778,0.48922269971450816,0.016848215563398154,17.734460895705414,0.6783027777420207
446,3,Salt & Pepper,0.04167253175173542,13.801501138357972,0.7739473414037821,0.030652934159588516,15.135279476275361,0.7476394881366694
447,7,Salt & Pepper,0.05679106936969811,12.457199535213924,0.5250979190705156,0.013661304048105255,18.645078428312665,0.736195925104343
448,8,Salt & Pepper,0.04090034054649016,13.88273075932859,0.728598656151153,0.03574489939200856,14.467859209662222,0.6915988051353532
449,1,Salt & Pepper,0.05122090012768811,12.90552793750193,0.34430654573229885,0.008023960559433982,20.956112146913128,0.6673636782444978
450,1,Salt & Pepper,0.05547987822704501,12.558645008319978,0.3702993863327754,0.007851695879420754,21.05036530321046,0.6389796495726148
451,2,Salt & Pepper,0.03897421715424798,14.092225993977422,0.5821006886126832,0.013793110846699251,18.603377736217084,0.7829587716053485
452,3,Salt & Pepper,0.04430327023569652,13.53564215246486,0.7803658547456525,0.03142713187250102,15.026952520967527,0.7066771443090191
453,0,Salt & Pepper,0.05539190191098806,12.565537228607793,0.5296118182190749,0.025205276417926938,15.985085354358244,0.6621100433400898
454,3,Salt & Pepper,0.04778950803818787,13.20667440234595,0.6997685308668561,0.03375588241284877,14.716505346305166,0.707263723068348
455,9,Salt & Pepper,0.04289496185262927,13.675937140645331,0.47776367250226776,0.024471033824899648,16.113476826725286,0.5648922486811769
456,7,Salt & Pepper,0.04795675135081916,13.191502442178688,0.49859839366097536,0.01794891044856157,17.45961909232685,0.7250904297537922
457,6,Salt & Pepper,0.05126362306331621,12.901907032473332,0.5477663161773209,0.02043034541617145,16.89724290681841,0.7321076070861836
458,1,Salt & Pepper,0.05572491743887688,12.539505662908248,0.39277409539263536,0.00999099724597259,20.003911607422324,0.7609553268175122
459,5,Salt & Pepper,0.045292960328110365,13.439692930916697,0.7196342841539554,0.0210728707393368,16.762762967921134,0.7958744412429385
460,0,Salt & Pepper,0.053601146402751675,12.708259216679604,0.6581865595908818,0.030158504266914934,15.205902014207446,0.663439377637703
461,7,Salt & Pepper,0.05092140777636325,12.930995983205232,0.5183106725574015,0.015931526402316716,17.977426123755397,0.709079899302752
462,0,Salt & Pepper,0.05432117945671063,12.650308089414708,0.7163719712230378,0.023490228048077884,16.291127669796918,0.808252488370223
463,1,Salt & Pepper,0.05247424461096556,12.800538045540542,0.4705184193390031,0.00833922869178063,20.788741160761962,0.7805466090549434
464,1,Salt & Pepper,0.04403798776047066,13.561725335806067,0.3766257793599106,0.008610800932025632,20.649564508481504,0.7238722692465412
465,5,Salt & Pepper,0.05173045683227967,12.862536863142466,0.7771626446408849,0.034025957720965894,14.681896419636564,0.7538131637781267
466,6,Salt & Pepper,0.04242687277904901,13.72358978246453,0.5803590314227152,0.024290462761218025,16.14564211307302,0.7044948169980759
467,4,Salt & Pepper,0.05087207437904863,12.935205530506504,0.6275225176096711,0.030350334362634585,15.17836520040214,0.6699757901454173
468,2,Salt & Pepper,0.055674014684175016,12.543474603471317,0.656083936053627,0.032676309260419555,14.857670022727698,0.736121494341636
469,1,Salt & Pepper,0.054508058111048516,12.635392897513976,0.44027570261065807,0.010230467784406996,19.901045078770885,0.6511750894900334
470,5,Salt & Pepper,0.058536493075286106,12.32573299730608,0.4793027589264888,0.01875865894349529,17.267982125591818,0.6381992403851092
471,8,Salt & Pepper,0.03944544487978781,14.040031414480236,0.6392056593082517,0.024632566756715712,16.084903315552253,0.7458804022473658
472,6,Salt & Pepper,0.04956388457207961,13.048346631090137,0.7120168113990035,0.03821080454642268,14.178138179411835,0.6565078106800715
473,5,Salt & Pepper,0.048250084398651444,13.165019226551827,0.6200397279951886,0.025732297301728806,15.895214395600888,0.6595008516886198
474,9,Salt & Pepper,0.04837293737420227,13.153975399285905,0.5671237899080149,0.017484573716567656,17.57344951561725,0.7689834409900642
475,8,Salt & Pepper,0.0554717965776196,12.559277682997944,0.44072018185493317,0.019725318839858726,17.04975968130094,0.6553072426010764
476,5,Salt & Pepper,0.04262379458692535,13.703478897976652,0.6669713453340107,0.025365881767148428,15.957500361673604,0.6617805813393639
477,1,Salt & Pepper,0.04349788933270754,13.615318159970276,0.4237715246258953,0.0079881527609099,20.975536385201806,0.7687218289632084
478,0,Salt & Pepper,0.05340775528212995,12.723956749623525,0.5972945681658121,0.018815004465714977,17.25495674264917,0.7101328984139847
479,0,Salt & Pepper,0.05375866034441401,12.695515623552323,0.6167885503026272,0.022796511469055772,16.421316076336034,0.7049807056128121
480,8,Salt & Pepper,0.04313643118403188,13.65155788329323,0.6535863608910446,0.03523096611515811,14.530754472891212,0.6709343762720497
481,7,Salt & Pepper,0.04631531041059417,13.342754209107481,0.5936697336942871,0.017059571209834888,17.68031888968197,0.744520058845966
482,2,Salt & Pepper,0.05241088602397382,12.805784983384275,0.5473696975563489,0.021541111870073855,16.66731883833986,0.6561080025382705
483,3,Salt & Pepper,0.05410475953489216,12.667645288154297,0.6138842243555755,0.033618130051732024,14.73426447077388,0.5820139121440827
484,3,Salt & Pepper,0.05017783585083615,12.99488073557635,0.6853725352346999,0.03546369723690345,14.502159893813879,0.6174507326699205
485,7,Salt & Pepper,0.041660860413192995,13.802717649009193,0.5492742877426809,0.015028043874649169,18.230975456761126,0.7415095350943075
486,3,Salt & Pepper,0.05291416563262858,12.764280475767729,0.5795525842967508,0.030486921236550037,15.158864312426568,0.6214691314689255
487,3,Salt & Pepper,0.051798935306505395,12.856791668042199,0.6438732127014622,0.03139029649534166,15.032045821756292,0.6464920364948342
488,7,Salt & Pepper,0.0455015928328747,13.419734001248644,0.509426555676175,0.017310098262161813,17.617004668101327,0.6804205329005603
489,7,Salt & Pepper,0.04030661284123099,13.946236961701839,0.6510927013024442,0.01701239883222517,17.692344444035683,0.7448839793047272
490,6,Salt & Pepper,0.052657160951102386,12.785425598996824,0.6973205762590469,0.03552120300889222,14.495123342426396,0.7158051143648388
491,6,Salt & Pepper,0.05088360837394236,12.934220985914482,0.5441518604353238,0.02495468591331293,16.028478919158093,0.6576740905144343
492,9,Salt & Pepper,0.04621529005898386,13.352143168755486,0.5239138616875227,0.020824326737067505,16.8142903069443,0.7372421900449044
493,2,Salt & Pepper,0.038575096772097944,14.136929757629238,0.7753901133877582,0.020262838488049162,16.93299717250691,0.7977652249717042
494,0,Salt & Pepper,0.059335420483927585,12.266859756347525,0.7110587534773075,0.033964113618847255,14.689797149600963,0.7523403708378285
495,1,Salt & Pepper,0.05288799829433165,12.766428698533383,0.4205860174333711,0.006500030228167623,21.870846236808568,0.7671710828417081
496,0,Salt & Pepper,0.049906570518240545,13.018422729745359,0.7142905837287734,0.02025716020598903,16.934214372240884,0.8338967090125506
497,8,Salt & Pepper,0.04919903256523205,13.080434369828868,0.7061954264057643,0.019732053572947876,17.048277140894797,0.7166516732856251
498,1,Salt & Pepper,0.04513260200562759,13.455096276119034,0.4444697216396416,0.01037399579361859,19.84053932437345,0.6815102537262551
499,9,Salt & Pepper,0.055655262143615374,12.544937673239811,0.5485081658781641,0.03149023427430468,15.018241083803087,0.6445978889292763
400,7,Speckle,0.005766325815792616,22.391008222316863,0.9538584289993322,0.013805038695353804,18.599623717009163,0.8275045922563744
401,8,Speckle,0.004774144668317059,23.21104424939682,0.966353547883261,0.029155144444415068,15.352848025963235,0.7487821066283781
402,2,Speckle,0.0073428386314441235,21.341360158809,0.9535803159303023,0.016623494640870158,17.79277672266294,0.8485758292739811
403,7,Speckle,0.00775386595765748,21.104817109832933,0.9464179971512857,0.025045807631763107,16.012649594081704,0.7755543280228643
404,6,Speckle,0.0056700715774294684,22.464114586579864,0.9677466345400921,0.015025283477745293,18.231773255375924,0.8476302073392613
405,0,Speckle,0.008233332106872578,20.844243661537433,0.9533717542963672,0.026362654715462498,15.790108584852893,0.7848231900537662
406,7,Speckle,0.007161903657261294,21.449715254633528,0.955705739340791,0.014053635545346546,18.52211313264805,0.8170573498684551
407,1,Speckle,0.0016564075659073517,27.80832794455394,0.9830519721110677,0.010149180407438577,19.93569027592987,0.8042478006341817
408,0,Speckle,0.009452525669268099,20.244521345942175,0.94899549377182,0.01803761363592143,17.43820919859743,0.8828625003728846
409,9,Speckle,0.002834878824930124,25.474655000123093,0.9760157390038529,0.017624838376176642,17.53874856898633,0.7685563026731773
410,1,Speckle,0.006143692427050363,22.115705346071444,0.9611238764670559,0.005572936132367907,22.5391593406907,0.8868658589246706
411,6,Speckle,0.006566528118832194,21.826641916841748,0.9608630457546069,0.025232896718155935,15.980328899304002,0.7897875590337552
412,0,Speckle,0.010525052621425907,19.777757241727908,0.9411045407546663,0.01568868088543679,18.044135706424683,0.8706673597635283
413,7,Speckle,0.005714442374569683,22.430261424275514,0.9635417438662089,0.015932585897410353,17.97713731428309,0.7702022182797646
414,6,Speckle,0.0033181309999128885,24.791064720138213,0.9761410507610454,0.016721385680043974,17.76727735972291,0.7698136567651201
415,9,Speckle,0.00437365115503388,23.591558594981045,0.9736765631681509,0.02126555901261812,16.723231964014328,0.7820768976315342
416,1,Speckle,0.0034693680927985345,24.5974961996466,0.9664892793365616,0.0077619253960616134,21.100305358081243,0.8353463550963518
417,7,Speckle,0.003485001831635318,24.577969893109067,0.9509953789188819,0.02364491382324208,16.262622644846147,0.5964713371897963
418,6,Speckle,0.008463973420146617,20.72425709144166,0.9522068668483012,0.021611281742804606,16.653194747956274,0.8297966234365769
419,7,Speckle,0.005295941588951196,22.760568135487325,0.968717335659869,0.010998840991863351,19.58653076419749,0.8729409137144662
420,4,Speckle,0.0042694331405420715,23.696297831194695,0.9665508291467467,0.030105167684014916,15.213589494553528,0.6769016414862039
421,0,Speckle,0.007446370335341753,21.280553685210826,0.9551642494244506,0.01732323153306551,17.613710900282907,0.8460595524039735
422,2,Speckle,0.004886778075059716,23.10977383289286,0.9576165309650981,0.024262477737754088,16.15064850094049,0.6671244225431315
423,5,Speckle,0.0046711231236838575,23.30578685220938,0.963646126860196,0.01872427135415773,17.27595073656569,0.7692818218644694
424,5,Speckle,0.00392484426048073,24.061775715698737,0.9708815845349925,0.021201432390284037,16.73634796704189,0.798045055880272
425,0,Speckle,0.008555088409284662,20.677754980496978,0.9457859446828234,0.013572260825632022,18.67347802869811,0.8350642999953127
426,2,Speckle,0.00763448481858724,21.172202641732007,0.9544028947609309,0.03678398698241526,14.34341199768419,0.6757406123097406
427,7,Speckle,0.004544327223431396,23.42530403922483,0.9621384316557103,0.013363579808653213,18.74077188350592,0.803119827167734
428,1,Speckle,0.0038574251468002476,24.13702492652245,0.9675846817443461,0.006194216859632288,22.080135940562432,0.8839163959790148
429,8,Speckle,0.0064855744466592435,21.880515511195494,0.9560992979870515,0.026202022401985704,15.81665186385398,0.7524177171010857
430,1,Speckle,0.004366158061424233,23.599005462352622,0.9680109043715727,0.0036640361116442592,24.36040254706548,0.9222238794297474
431,1,Speckle,0.005649965613540449,22.47954195347832,0.965764218526466,0.008929194187231163,20.491877321337945,0.8755271259571895
432,2,Speckle,0.0052954709432760805,22.76095410632766,0.957147632513381,0.028943379885831493,15.384507551776876,0.5996558106753305
433,8,Speckle,0.009928461153826845,20.03118059076707,0.9407455650911488,0.024581154458183627,16.093977242548952,0.8195335957634917
434,7,Speckle,0.0047058625140087565,23.273607652772007,0.963248114833371,0.012528958590809637,19.020850261376122,0.8164423778178778
435,0,Speckle,0.00903849722342148,20.43903771054335,0.9465141093746868,0.015904127719759603,17.98490145285538,0.866330204049303
436,3,Speckle,0.011777906533650325,19.28931896448764,0.9395800763450853,0.0342732168212944,14.650451315732493,0.7329114971024928
437,2,Speckle,0.008535198188474641,20.687863900546255,0.9269004165917107,0.02505053694891048,16.01182960756829,0.7286970677928534
438,0,Speckle,0.00944528741477819,20.24784822204506,0.9477169170498844,0.015591666350386784,18.071074673573598,0.8877327512570838
439,5,Speckle,0.0053451181172579154,22.72042693241633,0.9627688682029967,0.016254452037119935,17.890276666640926,0.830012791245641
440,5,Speckle,0.007400037893458418,21.307660563666243,0.9527659518888032,0.022759192483221325,16.428431511654782,0.8085693161533255
441,1,Speckle,0.0014610746209882675,28.35327602918642,0.988285451717615,0.006872906729743561,21.628595497374622,0.8422838800025273
442,8,Speckle,0.006489085554944896,21.878164998749146,0.9466676515751159,0.039288125820376,14.05738688044455,0.6669079165370209
443,7,Speckle,0.00709299369162284,21.491704264047623,0.9514110276392694,0.015109363999769955,18.207538160847744,0.8056624327632101
444,7,Speckle,0.007150271458456132,21.456774699930946,0.9511236256372865,0.01558106869449995,18.074027576899823,0.8301443720797433
445,9,Speckle,0.004815200221536648,23.173856497023433,0.9688709127011668,0.013007957291610925,18.857908976454677,0.8211396303687031
446,3,Speckle,0.009487382662851868,20.228535822891985,0.9403629838291094,0.026803321286349557,15.718113878009312,0.7370403971668473
447,7,Speckle,0.006142574482904013,22.1164956869923,0.9517760198046553,0.012722238765306709,18.95436458037735,0.8142148711992031
448,8,Speckle,0.009048442544142719,20.43426166948743,0.9482507630370143,0.0355812213815665,14.487791481528681,0.6774996390440262
449,1,Speckle,0.0027793665115337443,25.56054179584209,0.9764994537233591,0.007735512337301101,21.115109168845734,0.8542780319270761
450,1,Speckle,0.0040712753777230465,23.90269521304999,0.961746685308906,0.009289597427621366,20.320031061087114,0.8288763730077848
451,2,Speckle,0.004875263494998198,23.12001906871858,0.961254904341165,0.015004699797740204,18.23772689175424,0.7777586871449816
452,3,Speckle,0.012223496554841952,19.12804545544941,0.931030282601445,0.02942120951927341,15.313394771982695,0.7190620197892391
453,0,Speckle,0.005070165130935145,22.949778958370672,0.9602980585385837,0.02380117439584971,16.23401613487443,0.7638653960232146
454,3,Speckle,0.0071195336453701045,21.475484532557864,0.9565406474165656,0.030707181564478013,15.12760043119499,0.7340267643910278
455,9,Speckle,0.004596916981641993,23.375333393517877,0.9699485829902826,0.021003489326449475,16.77708549583286,0.7171536488566542
456,7,Speckle,0.006013032336741188,22.209064606097648,0.9590586408537358,0.014569107879686414,18.365670408718373,0.7834163236144969
457,6,Speckle,0.006917295987284139,21.600636407021234,0.9547718550673083,0.016511358716912655,17.822171872473188,0.8140251529063841
458,1,Speckle,0.0027206370910740608,25.65329385399716,0.9814644132792725,0.008408548061422274,20.752789891427177,0.864949772885901
459,5,Speckle,0.00707249524597042,21.504273357973776,0.9574874779474043,0.01863163858411898,17.297489488210115,0.8315796206837724
460,0,Speckle,0.007893451235459266,21.027330696932374,0.9408285602491672,0.026369911351613318,15.788913301826701,0.6937555469357208
461,7,Speckle,0.005338036945250591,22.72618424729302,0.9684524464382828,0.013337886953979127,18.749129677893947,0.8420246292082704
462,0,Speckle,0.011217466733936126,19.5010520971906,0.9391073799506404,0.01656169783789894,17.80895143165044,0.8740034378605194
463,1,Speckle,0.006608839312060223,21.79874807478025,0.9615513666690194,0.006952377030741278,21.578666839226738,0.8954357765229909
464,1,Speckle,0.0024633185912385346,26.08479415416683,0.9823887515356355,0.007322673127885987,21.353303516235968,0.8658632018683426
465,5,Speckle,0.012165826619448577,19.148583771508616,0.9341254124974927,0.022467799888957838,16.48439452853061,0.8272053406166386
466,6,Speckle,0.0057835485055573056,22.37805617718791,0.9593235281412176,0.026609977491746744,15.749554927997696,0.7397768937205252
467,4,Speckle,0.006960372168121279,21.573675382284932,0.9488092018239725,0.02768596626151187,15.5774031467617,0.7225796350597544
468,2,Speckle,0.007863439111172089,21.04387471728595,0.9546100905957382,0.027808335952475564,15.55824998488584,0.7530645859565741
469,1,Speckle,0.0021508013752293306,26.673996945055386,0.976835000868869,0.009810336129073286,20.08316112242795,0.810641820542281
470,5,Speckle,0.003847421137410637,24.148302733648144,0.9691449099599058,0.01874352083089422,17.27148826798978,0.7446159424932858
471,8,Speckle,0.008076504779662853,20.927765455764273,0.9507948312894674,0.02932189332907034,15.328079905172615,0.732203631544714
472,6,Speckle,0.009318393674669554,20.306589458383133,0.9430482381921125,0.03287899286219529,14.830814940848487,0.6824702114075925
473,5,Speckle,0.007114610226873211,21.478488877026717,0.9422364272014189,0.02785670982064519,15.55070179768467,0.7261555833230344
474,9,Speckle,0.00468465781045212,23.29322126539256,0.9659157815329847,0.016820281528238848,17.741667395049664,0.8387448788404346
475,8,Speckle,0.004070392574363343,23.903637026524784,0.9666820777594203,0.017783695785929907,17.499779794376074,0.8213103769519624
476,5,Speckle,0.00602344837390912,22.201548075803984,0.9512248182700224,0.02518306207955382,15.98891463926316,0.6842071776803372
477,1,Speckle,0.0023461736545354567,26.296398462633732,0.981422177930682,0.005717239999913876,22.428135764667644,0.8925247636254561
478,0,Speckle,0.00707941976235599,21.500023361426557,0.9557830515816438,0.017596777595707564,17.54566854943453,0.8054516175571252
479,0,Speckle,0.006554484164802174,21.834614814254714,0.9566351337425418,0.01531230226323479,18.149595065552607,0.8313874859024178
480,8,Speckle,0.007638270624307135,21.17004958615074,0.9566646218927328,0.033857403638352865,14.703463489078228,0.7216782059620884
481,7,Speckle,0.008535492333900118,20.68771423380019,0.9502030221302732,0.012620527014479778,18.989225092201295,0.8313648328351793
482,2,Speckle,0.004244383865508713,23.721853450503207,0.9612219673766748,0.01954314033246522,17.09005649446305,0.7146862879962841
483,3,Speckle,0.005868896405625579,22.314435563344823,0.9579884261470321,0.02833380746411769,15.476950615702933,0.6783411508573042
484,3,Speckle,0.005851359872423749,22.327431909336152,0.9560607943248758,0.026307866832316687,15.799143651606757,0.682377068315518
485,7,Speckle,0.005326326378203636,22.735722250713224,0.9674207268212427,0.012503834044392953,19.029567990709772,0.8439654990445858
486,3,Speckle,0.004550506226095582,23.419402870855997,0.9602647197378602,0.02760075867992378,15.590789800371036,0.6332454317239197
487,3,Speckle,0.007000898110237306,21.548462429427843,0.9473780599241578,0.023666517568292512,16.258656420346064,0.7026055199398576
488,7,Speckle,0.006715882213266976,21.72896929356022,0.9422041126243312,0.018977352744853005,17.217643698058268,0.7082397257219327
489,7,Speckle,0.003065637932087885,25.13479138908133,0.9757027328957851,0.014520492748365229,18.380186457388888,0.8040265994232755
490,6,Speckle,0.00665925161914936,21.765745750243234,0.9554234856809253,0.03207149655264501,14.938807741098763,0.7601712176515106
491,6,Speckle,0.006681495763216586,21.751263026451532,0.9551903558000276,0.023334741529315833,16.319970052786562,0.7023347292825286
492,9,Speckle,0.005649082853043389,22.480220555777674,0.9508396404764422,0.022423573283897002,16.492951797060368,0.786188119316614
493,2,Speckle,0.007147348800010573,21.458550232404363,0.9596453021238408,0.01733683629776663,17.610301515991125,0.8391599401027425
494,0,Speckle,0.006504895784854126,21.867596568926082,0.9628576911205851,0.020731826766500382,16.833624287475793,0.8547126652450805
495,1,Speckle,0.002785310023471216,25.551264579447274,0.9786493989944739,0.007615399218336242,21.183073249246608,0.8661219176652979
496,0,Speckle,0.009390932284896254,20.272912910046237,0.9474261176540901,0.016732563372278658,17.764375214908267,0.8741603007818897
497,8,Speckle,0.012683857116506523,18.96748658939358,0.9059791751951993,0.020324377281893298,16.919827518682375,0.7523329528684769
498,1,Speckle,0.004955982010429212,23.048702787256566,0.9706127660506346,0.008064217935318602,20.934377439407946,0.8780552152686636
499,9,Speckle,0.0056968863509704905,22.443624443380727,0.9659886938844482,0.025525790601822595,15.930207977741928,0.7563252499536116
